管理id,取得元テーブル名,取得元求人url,登録日時,アクション,公開_非公開,公開予定日,非公開予定日,削除予定日,求人イメージ,求人タイトル,求人サブタイトル,応募受付電話番号,電話応募,職種,職種_google_for_jobs用,職種_求人box用,職種_stanby用,職種_検索用,職種_indeed検索用,業務内容,業務内容_画像1_url,業務内容_画像1_説明文,業務内容_画像2_url,業務内容_画像2_説明文,業務内容_画像3_url,業務内容_画像3_説明文,応募資格,応募資格_画像1_url,応募資格_画像1_説明文,応募資格_画像2_url,応募資格_画像2_説明文,応募資格_画像3_url,応募資格_画像3_説明文,求める人物像,求める人物像_画像1_url,求める人物像_画像1_説明文,求める人物像_画像2_url,求める人物像_画像2_説明文,求める人物像_画像3_url,求める人物像_画像3_説明文,雇用形態,勤務体系,採用フロー,採用担当,応募フォーム,年齢,就業時間,休憩時間,時間外,賃金,賃金区分,最低給与金額,最大給与金額,基本給,勤務時間,固定残業の有無,固定残業時間,固定残業時間_法定内,固定残業代,試用期間,試用期間の有無,試用期間中の条件,試用期間中の賃金区分,試用期間中の最低給与金額,試用期間中の最大給与金額,試用期間中の基本給,試用期間中の勤務時間,試用期間中の固定残業の有無,試用期間中の固定残業時間,試用期間中の固定残業時間_法定内,試用期間中の固定残業代,給与の補足,待遇,休日,年間休日数,育児休業取得実績,郵便番号,都道府県,市区町村,町丁目番地,ビル_建物名,リモートワーク制度,沿線_最寄駅,転勤,従業員数,加入保険等,加入保険等_indeed_api用,定年齢,再雇用,通勤手当,採用人数,採用人数_indeed_api用,学歴,選考方法,選考結果通知,応募書類等,選考日時,勤務先会社名,勤務先会社本社所在地,勤務先会社ウェブサイトurl,勤務先事業内容,受動喫煙防止措置,求人pr,カテゴリ_indeed用,カテゴリ_stanby用,カテゴリ_求人ボックス用,indeed検索用,応募通知メール受信設定,メールテンプレート名,問い合わせ先メールアドレス,メモ,タグ,非公開の選考条件,急募,オープニング,未経験歓迎,学歴不問,駅から5分以内,髪型_髪色自由,土日祝休み,残業なし,社員登用あり,交通費支給,リモート_在宅ok,車通勤ok,バイク通勤ok,寮_社宅あり,即日勤務ok,シニア応援,無資格ok,扶養内勤務ok,主婦_主夫歓迎,副業_wワークok,留学生歓迎,ブランクok,服装自由,履歴書不要,資格優遇,昇給_昇格あり,賞与あり,資格取得支援制度,正社員,週休2日,シフト自由_選べる,週1日からok,週2_3日からok,高収入_高時給,web面談可,管理タグ
,,https://job-medley.com/dr/357566/,,,,,,,,,【訪問診療医師】年収2000万円以上／オンコール相談可能／残業ほぼなし,,可,医師,,,,,,居宅への訪問診療をお願いします。 主治医制をとっており、約100名の患者様を担当いただきます。 患者様とは基本的に、月2回の定期訪問のご契約を行っており、1日あたり10件前後の訪問診療をお願い致します。 　※チーム体制（同行者）:　看護師、ドライバー 　※電子カルテ利用（モバカル） 【1日のスケジュール　（例）】 8：00～8：30　　全職員とのミーティング 8：30～9：00　　診療準備、関係職種との連携など 9：00～16：30 　訪問診療（10件前後） 16：30～17：15　電子カルテの記載、関係職種との連携、情報提供書などの書類作成 【診療所体制】 医師 14名 / 看護師 31名 / 管理栄養士 3名 / 事務 81名 【在籍医師詳細】 院長　　　40代半ば　総合診療、緩和ケア 副院長　　40代前半　泌尿器科 医療部長　40代半ば　小児外科　 男性医師　40代後半　耳鼻咽喉科　　 男性医師　50代前半　内科、循環器内科　　　 男性医師　30代後半　内科　　　 男性医師　30代前半　脳神経外科　 男性医師　30代前半　麻酔科　 男性医師　30代後半　腎臓内科、透析科　 男性医師　30代半ば　総合内科、リウマチ膠原病内科　　　 男性医師　20代後半　内科 女性医師　30代半ば　精神科 男性医師　30代後半　総合診療科 男性医師　40代前半　整形外科　 【　特徴①　様々な症例に携わっていただけます　】 癌末期患者様、ALS等の難病患者様への在宅医療の経験を積むことができます。 病院勤務で診れないような多様な症例に携わっていただくことが可能です。 当院の常勤医師のほとんどが在宅診療未経験の医師でした。 教育体制としては、入職後2週間は院長や副院長に随行いただき研修いたします。 その後も、常勤医師間の相談や共有もございますので未経験の方でも安心して学んでいただける環境がございます。 在宅診療経験のある方は、当院の環境や方針を理解いただいてから副院長や医療部長と共に後進の指導などに携わっていただきます。 【　特徴②　在宅診療のビジネスモデルを習得できます　】 在宅で診ている重症患者様ほど「医療」と「介護」の併用が非常に重要です。 当院の患者様のご紹介経路は、地域の介護職からのご紹介が90％以上となり 介護職の方々のおかげで居宅での在宅医療の実現ができています。 当法人では「訪問看護ステーション」と「居宅事業所」を既に運営しておりますが 『24時間の医療・看護・介護』の実現に向け「訪問介護事業所」の設立を進めています。 医療連携以外も、地域との連携モデルを習得いただける環境がございます。 在宅診療を経験し開業を目指したいとお考えの方は、今までのノウハウをお伝えさえていただきます。,,,,,,,医師免許 ※訪問診療が未経験の方も大歓迎,,,,,,,医師免許 ※訪問診療が未経験の方も大歓迎,,,,,,,正社員,,,,,,8:00～17:15（休憩時間：75分） ※夜間当直なし ※オンコール応相談,8:00～17:15（休憩時間：75分） ※夜間当直なし ※オンコール応相談,,【年収例】 週5日勤務（オンコール有）2000万円～3000万円/年 　　　　 （オンコール無）1600万円/年 週4日勤務（オンコール有）1800万円～2100万円/年 　　　　 （オンコール無）1280万円～1360万円/年 週3日勤務（オンコール有）1500万円～1700万円/年 ※能力・経験を考慮します。,月給,1660000,2500000,,8:00～17:15（休憩時間：75分） ※夜間当直なし ※オンコール応相談,なし,,,,,,,,,,,,,,,,【年収例】 週5日勤務（オンコール有）2000万円～3000万円/年 　　　　 （オンコール無）1600万円/年 週4日勤務（オンコール有）1800万円～2100万円/年 　　　　 （オンコール無）1280万円～1360万円/年 週3日勤務（オンコール有）1500万円～1700万円/年 ※能力・経験を考慮します。,"雇用保険、労災保険、健康保険、厚生年金 交通費実費支給（上限 20,000円/月） 昇給あり 固定残業代なし 裁量労働制なし 試用期間あり 3か月（試用期間中の労働条件変更なし）",土日祝休み ※土曜勤務も可能ですので、ご希望の方はご相談ください,,,,東京都,江戸川区,東瑞江3-55-11,,,,,151,"健康保険,厚生年金,雇用保険,労災保険",,,,,1,,,[1] ジョブメドレーの応募フォームよりご応募ください ↓ [2] 採用担当より面接日程の調整などの連絡をさせていただきます ↓ [3] 面接実施 ↓ [4] 採用決定のご連絡 ↓ [5] 入職手続きを進めてください ※応募から内定までは平均1週間～1ヶ月ほどになります。 ※在職中で今すぐ転職が難しい方も調整のご相談が可能です。 ※見学も可能ですので、まずはジョブメドレーよりご応募いただき、お問い合わせください。,,,,医療法人社団しろひげファミリー　しろひげ在宅診療所,東京都江戸川区東瑞江3-55-11,,,,"✅アピールポイント
一般内科,消化器内科,循環器内科,呼吸器内科,腎臓内科,血液内科,神経内科,代謝・内分泌内科,一般外科,整形外科,精神科・心療内科,眼科,耳鼻咽喉科,皮膚科,泌尿器科,在宅医療,診療所・クリニック,社会保険完備,交通費支給,年収1,400万円以上可能,研修制度あり,オンコールなし・免除可,4週8休以上,土日祝休み,未経験可,年齢不問,専門不問,駅近(5分以内),車通勤可",,,,,,,,,,,,,1,0,0,,1,,,1,,1,,0,0,,0,,0,0,0,0,,,,,0,0,1,0,,0,,,0,
,,https://job-medley.com/dr/1158827/,,,,,,,,,【江東区亀戸】小児科専門医または経験者募集◎週休5日可能！勤務応相談♪商業施設に2022年6月オープンした小児科クリニックです,,可,医師,,,,,,医師業務 主に、診察、予防接種、健診、点滴など緊急時対応,,,,,,,医師免許 小児科専門医（修了予定を含む）またはそれに該当する経験3年以上,,,,,,,医師免許 小児科専門医（修了予定を含む）またはそれに該当する経験3年以上,,,,,,,正社員,,,,,,9:00～21:00　※祝日・年末年始あり 9:00～19:00　※祝日あり、年末年始なし（土曜は13:00まで） 9:00～18:00　※祝日・年末年始なし（土曜は13:00まで） 9:00～21:00　※土日・祝日・年末年始あり 休憩120分 時間外　平均0時間/月 ※勤務時間は9:00～17:00も相談可能です ※時短勤務相談可,9:00～21:00　※祝日・年末年始あり 9:00～19:00　※祝日あり、年末年始なし（土曜は13:00まで） 9:00～18:00　※祝日・年末年始なし（土曜は13:00まで） 9:00～21:00　※土日・祝日・年末年始あり 休憩120分 時間外　平均0時間/月 ※勤務時間は9:00～17:00も相談可能です ※時短勤務相談可,,"年俸800～2,400万円 給与モデル例 （1）週４日 40時間勤務 年俸2,200万円　（土,日,月,火） （2）週5日 40時間勤務 年俸1,780万円　（月,火,木,金,土）　 （3）週4.5日 32時間勤務 年俸1,312万円　（月,火,水,木,土）　 （4）週4日 32時間勤務 年俸1,360万円　（火,水,木,金）　　 （5）週3日 30時間勤務 年俸1,575万円　（日,月,火）　　　 （6）週2日 20時間勤務 年俸1,100万円　（土,日） 勤務日数・時間：応相談（週20時間から社会保険・厚生年金加入） 当直・オンコール 無 待遇 健康保険・厚生年金・労災保険・雇用保険 医師自賠責保険全額支給 交通費全額支給（上限あり） スクラブ支給",,,,,9:00～21:00　※祝日・年末年始あり 9:00～19:00　※祝日あり、年末年始なし（土曜は13:00まで） 9:00～18:00　※祝日・年末年始なし（土曜は13:00まで） 9:00～21:00　※土日・祝日・年末年始あり 休憩120分 時間外　平均0時間/月 ※勤務時間は9:00～17:00も相談可能です ※時短勤務相談可,なし,,,,,,,,,,,,,,,,"年俸800～2,400万円 給与モデル例 （1）週４日 40時間勤務 年俸2,200万円　（土,日,月,火） （2）週5日 40時間勤務 年俸1,780万円　（月,火,木,金,土）　 （3）週4.5日 32時間勤務 年俸1,312万円　（月,火,水,木,土）　 （4）週4日 32時間勤務 年俸1,360万円　（火,水,木,金）　　 （5）週3日 30時間勤務 年俸1,575万円　（日,月,火）　　　 （6）週2日 20時間勤務 年俸1,100万円　（土,日） 勤務日数・時間：応相談（週20時間から社会保険・厚生年金加入） 当直・オンコール 無 待遇 健康保険・厚生年金・労災保険・雇用保険 医師自賠責保険全額支給 交通費全額支給（上限あり） スクラブ支給",社会保険完備 車通勤可 制服貸与 副業OK カメイドクロックの社員割引利用可能 WEB面接可 職場見学可（ジョブメドレーより応募後にお問い合わせください） 事業展開に伴い勤務地は変更の可能性あり,週休2～5日で選択可,,,,東京都,江東区,亀戸6-31-6,カメイドクロック4階 ドクターズスクエア,,,,,"健康保険,厚生年金,雇用保険,労災保険",,,,,1,,,[1] ジョブメドレーの応募フォームよりご応募ください ↓ [2] 採用担当より面接日程の調整などの連絡をさせていただきます ↓ [3] 面接実施 ↓ [4] 採用決定のご連絡 ↓ [5] 入職手続きを進めてください ※応募から内定までは平均1週間～1ヶ月ほどになります。 ※在職中で今すぐ転職が難しい方も調整のご相談が可能です。,,,,あかちゃんとこどものクリニック　カメイドクロック,東京都江東区亀戸6-31-6 カメイドクロック4階 ドクターズスクエア,,,,"✅アピールポイント
オープン3年以内,小児科,診療所・クリニック,社会保険完備,ボーナス・賞与あり,交通費支給,副業OK,資格取得支援,残業ほぼなし,残業月20時間以内,4週8休以上,育児支援あり,車通勤可",,,,,,,,,,,,,0,0,0,,0,,,1,,1,,0,0,,0,,0,1,0,0,,,,,1,1,1,0,,0,,,0,
,,https://job-medley.com/dr/1266808/,,,,,,,,,【Idea錦糸町院】美容皮膚科クリニック医師募集,,可,医師,,,,,,IDEA美容皮膚科クリニックの医師として、診察・治療をお任せします。 IDEAでは様々な治療や機器を取り揃えており、美容医療における技術をキャッチアップしていただくことができます。 また、今後保険診療の導入を進めており保険診療の経験がある方も歓迎しております。 ＜業務内容＞ ・自由診療診察 ・保険診療診察(導入予定) ・医療機器を使った施術(ピアッシング・注入等)  患者数：30名程度  湿疹・アトピー性皮膚炎・やけど・にきび・いぼ・疥癬・あせも等々  ご勤務いただく先生と業務内容を相談しながら決定します。 ＜多様なメニュー＞ ・医療脱毛 ・ダーマペン ・ベルベットスキン ・ピーリング ・美肌点滴 ・ボトックス、ヒアルロン酸 ・Qスイッチヤグレーザー ・アートメイク ・ピアスの穴開け ・フォトフェイシャル ・エレクトロポレーション ＜医師施術＞ ・ボトックス ・ヒアルロン酸 ・ピアスの穴開け （ボトックス、ヒアルロン酸は施術が可能であればお願いします）,,,,,,,医師免許,,,,,,,医師免許,,,,,,,正社員,,,,,,11：00～20：00（休憩：12:00～13:00）,11：00～20：00（休憩：12:00～13:00）,,"◆月給：1,700,00円～ ・基本給　1,634,325円～ ・固定残業代　65,675円～（10時間～、超過分は別途支給）※規定あり 試用期間6ヶ月（試用期間中の労働条件変更なし） ※給与は経験・能力を考慮のうえで決定いたします",月給,1700000,2600000,1634325,11：00～20：00（休憩：12:00～13:00）,なし,,,,6ヶ月,あり,,,,,,,,,,,"◆月給：1,700,00円～ ・基本給　1,634,325円～ ・固定残業代　65,675円～（10時間～、超過分は別途支給）※規定あり 試用期間6ヶ月（試用期間中の労働条件変更なし） ※給与は経験・能力を考慮のうえで決定いたします",インセンティブ有,完全週休2日制,,,,東京都,墨田区,江東橋3丁目8-12,KINSIA ANEX4階,,,,8,"健康保険,厚生年金,雇用保険,労災保険",,,,,1,,,[1] ジョブメドレーの応募フォームよりご応募ください ↓ [2] 採用担当より面接日程の調整などの連絡をさせていただきます ↓ [3] 面接実施 ↓ [4] 採用決定のご連絡 ↓ [5] 入職手続きを進めてください ※応募から内定までは平均1週間～1ヶ月ほどになります。 ※在職中で今すぐ転職が難しい方も調整のご相談が可能です。,,,,イデア美容皮膚科クリニック　錦糸町院,東京都墨田区江東橋3丁目8-12 KINSIA ANEX4階,,,,"✅アピールポイント
外来診療,皮膚科,美容外科・美容皮膚科,診療所・クリニック,社会保険完備,交通費支給,年収1,400万円以上可能,社割あり,ハラスメント相談窓口あり,研修制度あり,残業月20時間以内,4週8休以上,ブランク可,即日勤務OK,40代活躍,駅近(5分以内),車通勤可",,,,,,,,,,,,,0,0,0,,0,,,1,,1,,0,1,,0,,0,0,0,1,,,,,0,0,1,0,,0,,,0,
,,https://job-medley.com/dr/973152/,,,,,,,,,週4日~週5日◎精神科・心療内科管理医師募集☆オンライン診療メインのクリニックで働きませんか？,,可,"医師
ジョブメドレー限定求人他の求人サイトには公開されていない特別な求人です",,,,,,精神科・心療内科の外来診療 初診は患者様にご来院頂きます。 再診はオンライン診療メインです。 半年に１回はご来院頂き、必要な検査を行って頂きます。,,,,,,,＜必須条件＞ ・医師国家資格,,,,,,,＜必須条件＞ ・医師国家資格,,,,,,,正社員,,,,,,9:45までに集合 10:00～19:00（休憩60分）,9:45までに集合 10:00～19:00（休憩60分）,,"＜指定医の場合＞ 【1】週4日勤務で年俸　1,740万円 （1,740万円／12か月＝145万円を月々支給） 【2】週5日勤務で年俸　2,100万円 （2,100万円／12か月＝175万円を月々支給） ※歩合給別途支給（規定あり） プラス歩合も含めた想定支給額は2,316万円～2,820万円（指定医の場合） （1）週4日　2,316万円【基本給1,740万円、歩合想定576万円】 （2）週5日　2,820万円【基本給2,100万円、歩合想定720万円】 ＜非指定医の場合＞ 【1】週4日勤務で年俸　1,620万円 （1,620万円／12か月＝135万円を月々支給） 【2】週5日勤務で年俸　2,004万円 （2,004万円／12か月＝167万円を月々支給） ※歩合給別途支給（規定あり） プラス歩合も含めた想定支給額は、2,196万円～2,724万円（指定医でない場合） （1）週4日　2,196万円【基本給1,620万円、歩合想定576万円】 （2）週5日　2,724万円【基本給2,004万円、歩合想定720万円】",月給,1450000,2350000,,9:45までに集合 10:00～19:00（休憩60分）,なし,,,,,,,,,,,,,,,,"＜指定医の場合＞ 【1】週4日勤務で年俸　1,740万円 （1,740万円／12か月＝145万円を月々支給） 【2】週5日勤務で年俸　2,100万円 （2,100万円／12か月＝175万円を月々支給） ※歩合給別途支給（規定あり） プラス歩合も含めた想定支給額は2,316万円～2,820万円（指定医の場合） （1）週4日　2,316万円【基本給1,740万円、歩合想定576万円】 （2）週5日　2,820万円【基本給2,100万円、歩合想定720万円】 ＜非指定医の場合＞ 【1】週4日勤務で年俸　1,620万円 （1,620万円／12か月＝135万円を月々支給） 【2】週5日勤務で年俸　2,004万円 （2,004万円／12か月＝167万円を月々支給） ※歩合給別途支給（規定あり） プラス歩合も含めた想定支給額は、2,196万円～2,724万円（指定医でない場合） （1）週4日　2,196万円【基本給1,620万円、歩合想定576万円】 （2）週5日　2,724万円【基本給2,004万円、歩合想定720万円】",,曜日固定,,,,東京都,新宿区,歌舞伎町1丁目1−17,エキニア新宿3F,,,,8,"健康保険,厚生年金,雇用保険,労災保険",,,,,1,,,[1] ジョブメドレーの応募フォームよりご応募ください ↓ [2] 採用担当より面接日程の調整などの連絡をさせていただきます ↓ [3] 面接実施 ↓ [4] 採用決定のご連絡 ↓ [5] 入職手続きを進めてください ※応募から内定までは平均1週間～1ヶ月ほどになります。 ※在職中で今すぐ転職が難しい方も調整のご相談が可能です。,,,,新宿よりそいメンタルクリニック,東京都新宿区歌舞伎町1丁目1−17 エキニア新宿3F,,,,"✅アピールポイント
外来診療,オープン3年以内,精神科・心療内科,一般病院,診療所・クリニック,歩合制あり,社会保険完備,交通費支給,年収1,400万円以上可能,副業OK,引越し手当,残業ほぼなし,オンコールなし・免除可,当直なし,年間休日120日以上,ブランク可,年齢不問,即日勤務OK,WEB面接可,駅近(5分以内)",,,,,,,,,,,,,0,0,0,,0,,,1,,0,,0,1,,0,,0,1,0,1,,,,,0,0,1,0,,0,,,1,
,,https://job-medley.com/dr/543931/,,,,,,,,,【診療体制強化・業務拡張のための増員】　画像診断専門クリニックにて医師を募集しております！,,可,医師,,,,,,・放射線科専門クリニック（ＭＲ装置2台、ＣＴ装置1台） ・近隣医療機関から依頼の画像診断を行っています ・読影業務が主 ・検査前問診業務 交代制であり（問診医不在時） ・当直・オンコールなし ・最寄駅（西武池袋線－東久留米）から徒歩4分ほど ・池袋駅より準急行列車で25分ほど、都心とのアクセスも便利です ・1日の検査件数およそ55－65件 ・画像診断管理加算１算定のため、放射線診断専門医必須,,,,,,,放射線診断専門医師免許 放射線科専門医としての勤務経験がある方,,,,,,,放射線診断専門医師免許 放射線科専門医としての勤務経験がある方,,,,,,,正社員,シフト制,,,,,全日　9：00～18：00（休憩60分） ※週4日もしくは週5日勤務 ※夜間当直なし,全日　9：00～18：00（休憩60分） ※週4日もしくは週5日勤務 ※夜間当直なし,,"【勤務条件】　週5日勤務の場合 【年収】　1,700－2,000万円　※経験・能力により応相談 【勤務時間】　9：00－18：00 【休日】週休2日（シフト制） 【休診日】第１・３・５日曜日、祝日、年末年始(12/30－1/3) 【休暇】有給休暇：法定通り付与 【勤務条件】　週4日勤務の場合 【年収】　1,350－1,600万円　※経験・能力により応相談 【勤務時間】　9：00－18：00 【休日】週休3日（シフト制） 【休診日】第１・３・５日曜日、祝日、年末年始(12/30－1/3) 【休暇】有給休暇：法定通り付与 試用期間3ヶ月（条件変更なし）",月給,1125000,1670000,,全日　9：00～18：00（休憩60分） ※週4日もしくは週5日勤務 ※夜間当直なし,なし,,,,3ヶ月,あり,,,,,,,,,,,"【勤務条件】　週5日勤務の場合 【年収】　1,700－2,000万円　※経験・能力により応相談 【勤務時間】　9：00－18：00 【休日】週休2日（シフト制） 【休診日】第１・３・５日曜日、祝日、年末年始(12/30－1/3) 【休暇】有給休暇：法定通り付与 【勤務条件】　週4日勤務の場合 【年収】　1,350－1,600万円　※経験・能力により応相談 【勤務時間】　9：00－18：00 【休日】週休3日（シフト制） 【休診日】第１・３・５日曜日、祝日、年末年始(12/30－1/3) 【休暇】有給休暇：法定通り付与 試用期間3ヶ月（条件変更なし）",社会保険完備 学会出席の補助あり 車通勤可（職員用駐車場あり） ※車通勤の場合はガソリン代支給およびETCカードを貸与,週休2日（週休3日も可） シフト制,,,,東京都,東久留米市,本町1-16-37,,,,,8,"健康保険,厚生年金,雇用保険,労災保険",,,,,1,,,[1] ジョブメドレーの応募フォームよりご応募ください　※書類選考にて不採用の場合もございます ↓ [2] 採用担当より面接日程の調整などの連絡をさせていただきます ↓ [3] 面接実施 ↓ [4] 採用決定のご連絡 ↓ [5] 入職手続きを進めてください ※書類選考にて不採用の場合もございます。 ※応募から内定までは平均1週間～1ヶ月ほどになります。 ※在職中で今すぐ転職が難しい方の調整のご相談も可能です。,,,,英世会第二画像診断クリニック,東京都東久留米市本町1-16-37,,,,"✅アピールポイント
放射線科,診療所・クリニック,社会保険完備,交通費支給,退職金あり,年収1,400万円以上可能,残業ほぼなし,オンコールなし・免除可,当直なし,4週8休以上,年間休日120日以上,40代活躍,50代活躍,駅近(5分以内),車通勤可",,,,,,,,,,,,,0,0,0,,0,,,1,,1,,0,0,,0,,0,0,0,0,,,,,0,0,1,0,,0,,,0,
,,https://job-medley.com/dr/1150726/,,,,,,,,,【精神科×町田】《新規開院》★やりがいを感じる職場！★高額給与（インセンティブあり）★駅近★医療秘書による万全のサポート体制！,,可,医師,,,,,,◎主に精神科外来診療とそれに付随する業務 ・医師1日1人あたり、40～60人程度 ・軽度の神経症圏が主な患者層,,,,,,,医師免許証 ※精神科外来経験2～3年以上 ※指定医不問,,,,,,,医師免許証 ※精神科外来経験2～3年以上 ※指定医不問,,,,,,,正社員,,,,,,平日｜10:00～19:00（休憩｜12:30～13:30） 土曜｜09:00～18:30（休憩｜12:00～13:30） 日曜｜10:00～18:00（休憩｜12:30～13:30） ※週4～5日,平日｜10:00～19:00（休憩｜12:30～13:30） 土曜｜09:00～18:30（休憩｜12:00～13:30） 日曜｜10:00～18:00（休憩｜12:30～13:30） ※週4～5日,,★1720～3230万円（賞与込・院長手当・想定歩合給込） 賞与：あり（就任後2年経過時に300万円×2年分=600万円支給） 院長手当：あり（就任後2年経過時に100万円×2年分=200万円支給） 歩合：あり（過去支給実績：週4日＿837万円、週5日＿1034万円）　 ※別途、公共交通機関の料金分のみ支給（1日上限1万円）,月給,1100000,,,平日｜10:00～19:00（休憩｜12:30～13:30） 土曜｜09:00～18:30（休憩｜12:00～13:30） 日曜｜10:00～18:00（休憩｜12:30～13:30） ※週4～5日,なし,,,,,,,,,,,,,,,,★1720～3230万円（賞与込・院長手当・想定歩合給込） 賞与：あり（就任後2年経過時に300万円×2年分=600万円支給） 院長手当：あり（就任後2年経過時に100万円×2年分=200万円支給） 歩合：あり（過去支給実績：週4日＿837万円、週5日＿1034万円）　 ※別途、公共交通機関の料金分のみ支給（1日上限1万円）,・系列スキンクリニックでの美容皮膚科施術の職員割引(医療脱毛半額など)※ご家族利用可 ・医師賠償責任保険 ・ワクチン接種（インフルエンザ） ・結婚祝、出産祝 ・出産育児一時金、育児休業給付金,・勤務曜日以外,,,,東京都,町田市,原町田6丁目12−20,,,,,,"健康保険,厚生年金,雇用保険,労災保険",,,,,1,,,[1] ジョブメドレーの応募フォームよりご応募ください ↓ [2] 採用担当より面接日程の調整などの連絡をさせていただきます ↓ [3] 面接実施（トライアル勤務を提案する場合がございます） ↓ [4] 採用決定のご連絡 ↓ [5] 入職手続きを進めてください ※応募から内定までは平均1週間～1ヶ月ほどになります。 ※在職中で今すぐ転職が難しい方も調整のご相談が可能です,,,,町田心療内科ゆうメンタルクリニック町田院,東京都町田市原町田6丁目12−20,,,,"✅アピールポイント
外来診療,精神科・心療内科,診療所・クリニック,歩合制あり,社会保険完備,ボーナス・賞与あり,交通費支給,年収1,400万円以上可能,引越し手当,オンコールなし・免除可,残業月20時間以内,4週8休以上,40代活躍,50代活躍,駅近(5分以内)",,,,,,,,,,,,,0,0,0,,0,,,1,,0,,0,0,,0,,0,0,0,0,,,,,1,0,1,0,,0,,,0,
,,https://job-medley.com/dr/844341/,,,,,,,,,【笹塚駅から徒歩5分】業界の当たり前を変える！風通しの良い環境で在宅クリニックとしてのあるべき姿を一緒に目指しませんか？,,可,訪問診療医師(医師),,,,,,訪問診療業務 ※ドライバー、事務⻑が同行（慣れてくれば医師とドライバーのみの訪問もあります） ※処置は連携している訪問看護ステーションの看護師がついてくれます 地域へのあいさつ(ご希望次第ですが、勤務開始後患者さんがつくまでは地域への挨拶に事務⻑とともに回っていただくことがあります） 勉強会開催・地域イベントへの参加（必須ではありません） ※地域のケアマネージャーや看護ステーション向けに勉強会を開いていただいた場合、手当を支給させていただきます ・訪問先　　　：　個人宅メイン ・同行者　　　：　ドライバー、看護師必須の2～3名体制 ・訪問件数　　：　居宅6～10件程／日(予定) ・診療時間目安：　1件あたり平均15-30分、居宅間移動は15分ほど,,,,,,,初期研修修了・後期研修修了 専門医資格(科は問いません)の保有,,,,,,,初期研修修了・後期研修修了 専門医資格(科は問いません)の保有,,,,,,,正社員,,,,,,平日9:00～18:00（休憩60分）,平日9:00～18:00（休憩60分）,,"年俸制 ・管理医師：1,920～2,500万円 ・常勤医師：1,800～2,200万円 オンコール手当あり（オンコールは希望制） 昇給あり 賞与なし(今後導入予定) 交通費支給 諸手当 試用期間6ヶ月（条件変更なし） ※管理医師について 管理医師としての「立場」を担っていただく（クリニック登録時に名前は必要）のみで役職手当がつき、仕事内容としてはクリニックの経営業務はありません。つまり、常勤医師とほぼ同等の業務内容で、管理医師としての報酬を得ることができます。",,,,,平日9:00～18:00（休憩60分）,なし,,,,6ヶ月,あり,,,,,,,,,,,"年俸制 ・管理医師：1,920～2,500万円 ・常勤医師：1,800～2,200万円 オンコール手当あり（オンコールは希望制） 昇給あり 賞与なし(今後導入予定) 交通費支給 諸手当 試用期間6ヶ月（条件変更なし） ※管理医師について 管理医師としての「立場」を担っていただく（クリニック登録時に名前は必要）のみで役職手当がつき、仕事内容としてはクリニックの経営業務はありません。つまり、常勤医師とほぼ同等の業務内容で、管理医師としての報酬を得ることができます。",社会保険完備（雇用保険、労災保険、健康保険、厚生年金）,土日祝休み オンコールなどもないため、ワークライフバランスが整っています,,,,東京都,渋谷区,本町1-2-4,初台AIビル 5階,,,,15,"健康保険,厚生年金,雇用保険,労災保険",,,,,1,,,[1] ジョブメドレーの応募フォームよりご応募ください ↓ [2] 採用担当より面接日程の調整などの連絡をさせていただきます ↓ [3] 面接実施（オンライン or 対面＋見学）　※場合によっては両方 ↓ [4] 採用決定のご連絡 ↓ [5] 入職手続きを進めてください ※応募から内定までは平均1週間～1ヶ月ほどになります。 ※在職中で今すぐ転職が難しい方も調整のご相談が可能です。,,,,あさがおクリニック,東京都渋谷区本町1-2-4 初台AIビル 5階,,,,"✅アピールポイント
一般内科,消化器内科,循環器内科,呼吸器内科,腎臓内科,血液内科,神経内科,代謝・内分泌内科,精神科・心療内科,リハビリテーション科,在宅医療,診療所・クリニック,社会保険完備,ボーナス・賞与あり,交通費支給,退職金あり,住宅手当,年収1,400万円以上可能,副業OK,引越し手当,残業ほぼなし,オンコールなし・免除可,当直なし,残業月20時間以内,4週8休以上,土日祝休み,年間休日120日以上,未経験可,年齢不問,専門不問,専門医取得者歓迎,40代活躍,50代活躍,60代活躍,WEB面接可,主夫・主婦OK,駅近(5分以内)",,,,,,,,,,,,,1,0,0,,1,,,1,,0,,0,0,,0,,1,1,0,0,,,,,1,0,1,0,,0,,,1,
,,https://job-medley.com/dr/1211653/,,,,,,,,,医療×ビジネスで世の中を変革する！新しい常識を作るクリニックで、ユーザー目線の医療を創る挑戦をしませんか？,,可,訪問診療医師(医師),,,,,,訪問診療業務 ※ドライバー、事務⻑が同行（慣れてくれば医師とドライバーのみの訪問もあります） ※処置は連携している訪問看護ステーションの看護師がついてくれます 地域へのあいさつ(ご希望次第ですが、勤務開始後患者さんがつくまでは地域への挨拶に事務⻑とともに回っていただくことがあります） 勉強会開催・地域イベントへの参加（必須ではありません） ※地域のケアマネージャーや看護ステーション向けに勉強会を開いていただいた場合、手当を支給させていただきます ・訪問先　　　：　個人宅メイン ・同行者　　　：　ドライバー、看護師必須の2～3名体制 ・訪問件数　　：　居宅6～10件程／日(予定) ・診療時間目安：　1件あたり平均15-30分、居宅間移動は15分ほど,,,,,,,初期研修修了・後期研修修了 専門医資格(科は問いません)の保有,,,,,,,初期研修修了・後期研修修了 専門医資格(科は問いません)の保有,,,,,,,正社員,,,,,,平日9:00～18:00（休憩60分）,平日9:00～18:00（休憩60分）,,"年俸制 ・管理医師：1,920～2,500万円 ・常勤医師：1,800～2,200万円 オンコール手当あり（オンコールは希望制） 昇給あり 賞与なし(今後導入予定) 交通費支給 諸手当 試用期間6ヶ月（条件変更なし） ※管理医師について 管理医師としての「立場」を担っていただく（クリニック登録時に名前は必要）のみで役職手当がつき、仕事内容としてはクリニックの経営業務はありません。 つまり、常勤医師とほぼ同等の業務内容で、管理医師としての報酬を得ることができます。",,,,,平日9:00～18:00（休憩60分）,なし,,,,6ヶ月,あり,,,,,,,,,,,"年俸制 ・管理医師：1,920～2,500万円 ・常勤医師：1,800～2,200万円 オンコール手当あり（オンコールは希望制） 昇給あり 賞与なし(今後導入予定) 交通費支給 諸手当 試用期間6ヶ月（条件変更なし） ※管理医師について 管理医師としての「立場」を担っていただく（クリニック登録時に名前は必要）のみで役職手当がつき、仕事内容としてはクリニックの経営業務はありません。 つまり、常勤医師とほぼ同等の業務内容で、管理医師としての報酬を得ることができます。",社会保険完備（雇用保険、労災保険、健康保険、厚生年金）,土日祝休み オンコールなどもないため、ワークライフバランスが整っています,,,,東京都,足立区,伊興5-5-18,,,,,5,"健康保険,厚生年金,雇用保険,労災保険",,,,,1,,,[1] ジョブメドレーの応募フォームよりご応募ください ↓ [2] 採用担当より面接日程の調整などの連絡をさせていただきます ↓ [3] 面接実施（オンライン or 対面＋見学）　※場合によっては両方 ↓ [4] 採用決定のご連絡 ↓ [5] 入職手続きを進めてください ※応募から内定までは平均1週間～1ヶ月ほどになります。 ※在職中で今すぐ転職が難しい方も調整のご相談が可能です。,,,,あさがおクリニック 足立院,東京都足立区伊興5-5-18,,,,"✅アピールポイント
一般内科,消化器内科,循環器内科,呼吸器内科,腎臓内科,血液内科,神経内科,代謝・内分泌内科,精神科・心療内科,リハビリテーション科,在宅医療,診療所・クリニック,社会保険完備,ボーナス・賞与あり,交通費支給,退職金あり,住宅手当,年収1,400万円以上可能,副業OK,引越し手当,残業ほぼなし,オンコールなし・免除可,当直なし,残業月20時間以内,4週8休以上,土日祝休み,年間休日120日以上,未経験可,年齢不問,専門不問,専門医取得者歓迎,40代活躍,50代活躍,60代活躍,WEB面接可,主夫・主婦OK,駅近(5分以内)",,,,,,,,,,,,,1,0,0,,1,,,1,,0,,0,0,,0,,1,1,0,0,,,,,1,0,1,0,,0,,,1,
,,https://job-medley.com/dr/1380157/,,,,,,,,,【西大井駅から徒歩1分】明るい雰囲気で協調性を大切にしている整形外科で管理医師として働きませんか？,,可,管理医師(医師),,,,,,施設管理業務、外来業務 ［勤務先］ ■月曜・水曜・金曜・土曜：宮本整形外科 　東京都品川区 西大井1-4-15 コアスターレ西大井第一ビル２F ■火曜・木曜：おおい宮本整形外科 　東京都品川区大井2-1-1 メディカルセンター2F ※所属は宮本整形外科になります ［外来受診者数］ 平日：70～90人／日、土曜：40～50人／半日 ※1診体制 従事すべき業務の変更：なし 就業場所の変更：なし,,,,,,,医師免許 整形外科における超音波検査経験,,,,,,,医師免許 整形外科における超音波検査経験,,,,,,,正社員,,,,,,月・火・水・金　8：45～12：45／14：30～18：30 木・土　8：45～12：45 休憩時間105分（木、土曜日は休憩なし） 所定労働時間を超える労働あり 当直なし・オンコールなし,月・火・水・金　8：45～12：45／14：30～18：30 木・土　8：45～12：45 休憩時間105分（木、土曜日は休憩なし） 所定労働時間を超える労働あり 当直なし・オンコールなし,,"年俸2,500万～＋インセンティブあり ※年俸の12分の1を月々支給 賞与無し※インセンティブに含む 交通費実費支給（全額支給） 固定残業代なし 試用期間なし",月給,2083333,,,月・火・水・金　8：45～12：45／14：30～18：30 木・土　8：45～12：45 休憩時間105分（木、土曜日は休憩なし） 所定労働時間を超える労働あり 当直なし・オンコールなし,なし,,,,,なし,,,,,,,,,,,"年俸2,500万～＋インセンティブあり ※年俸の12分の1を月々支給 賞与無し※インセンティブに含む 交通費実費支給（全額支給） 固定残業代なし 試用期間なし",医師国保、労働保険、厚生年金 退職金制度あり（勤続年数5年経過後から開始）,日曜・祝日,,,,東京都,品川区,西大井1-4-25,コアスターレ西大井第一ビル2F,,,,,"健康保険,厚生年金,雇用保険,労災保険",,,,,1,,,[1] ジョブメドレーの応募フォームよりご応募ください ↓ [2] 採用担当より面接日程の調整などの連絡をさせていただきます ↓ [3] 面接実施 ↓ [4] 採用決定のご連絡 ↓ [5] 入職手続きを進めてください ※応募から内定までは平均1週間～1ヶ月ほどになります。 ※在職中で今すぐ転職が難しい方も調整のご相談が可能です。,,,,宮本整形外科,東京都品川区西大井1-4-25 コアスターレ西大井第一ビル2F,,,,"✅アピールポイント
外来診療,整形外科,診療所・クリニック,歩合制あり,交通費支給,退職金あり,年収1,400万円以上可能,オンコールなし・免除可,当直なし,駅近(5分以内)",,,,,,,,,,,,,0,0,0,,0,,,1,,0,,0,0,,0,,0,0,0,0,,,,,0,0,1,0,,0,,,0,
,,https://job-medley.com/dr/993349/,,,,,,,,,精神保健指定医を1名募集しております。,,可,医師,,,,,,■外来：2コマ/週（外来数：20～30名/コマ）　 ■病棟管理：50～80床 　＊患者内訳：統合失調症、認知症　等 　　　　　慢性期で救急受け入れなし,,,,,,,・精神保健指定医　必須,,,,,,,・精神保健指定医　必須,,,,,,,正社員,,,,,,日勤　9：00～17：00（休憩：12:30～13:30）　　※金曜の日勤必須 当直　17：00～翌9：00(休憩60分＋回診以外待機)　（週1回）,日勤　9：00～17：00（休憩：12:30～13:30）　　※金曜の日勤必須 当直　17：00～翌9：00(休憩60分＋回診以外待機)　（週1回）,,試用期間３カ月　（同条件）,月給,1500000,1500000,,日勤　9：00～17：00（休憩：12:30～13:30）　　※金曜の日勤必須 当直　17：00～翌9：00(休憩60分＋回診以外待機)　（週1回）,なし,,,,３ヶ月,あり,,,,,,,,,,,試用期間３カ月　（同条件）,,完全週休2日制,,,,東京都,青梅市,成木4-576,,,,,,"健康保険,厚生年金,雇用保険,労災保険",,,,,1,,,[1] ジョブメドレーの応募フォームよりご応募ください ↓ [2] 採用担当より面接日程の調整などの連絡をさせていただきます ↓ [3] 面接実施 ↓ [4] 採用決定のご連絡 ↓ [5] 入職手続きを進めてください ※応募から内定までは平均1週間～1ヶ月ほどになります。 ※在職中で今すぐ転職が難しい方も調整のご相談が可能です。,,,,成木長生病院,東京都青梅市成木4-576,,,,"✅アピールポイント
外来診療,病棟管理,精神科・心療内科,慢性期・療養型病院,社会保険完備,交通費支給,退職金あり,年収1,400万円以上可能,残業ほぼなし,土日祝休み,40代活躍,50代活躍,60代活躍,車通勤可",,,,,,,,,,,,,0,0,0,,1,,,1,,1,,0,0,,0,,0,0,0,0,,,,,0,0,1,0,,0,,,0,
,,https://job-medley.com/dr/779927/,,,,,,,,,週4日勤務も可・土日休み◎時間外のオンコールほぼなし♪介護施設への訪問診療に従事してくださる常勤医師を募集しています,,可,訪問診療常勤医師(医師),,,,,,訪問診療 主に施設への訪問（1日30名前後） ※先生方に施設をお願いする時も、必ず1ヶ月は現主治医に同行し、状況を把握する時間を取ります 【1日のスケジュールイメージ例】 9:00 出勤 当日の診療内容を確認します 9:30～12:00 施設への訪問診療（施設1～2件） 12:00～13:00 訪問診療から戻り昼食 13:00～15:00 施設への訪問診療（施設1～2件） 15:00～17:00 訪問診療から戻りカルテ処理等 ※状況により変動する場合もあります,,,,,,,医師免許,,,,,,,医師免許,,,,,,,正社員,,,,,,週4日～5日（応相談） 月曜～金曜日 9:00～17:00（休憩60分） ※主治医制ですが、勤務時間外のオンコールはほとんどありません（当直医師が対応します）,週4日～5日（応相談） 月曜～金曜日 9:00～17:00（休憩60分） ※主治医制ですが、勤務時間外のオンコールはほとんどありません（当直医師が対応します）,,"週4日勤務　年収1,600万円～ 週5日勤務　年収1,900万円～ 固定残業代なし 試用期間　3ヶ月（同条件）",,,,,週4日～5日（応相談） 月曜～金曜日 9:00～17:00（休憩60分） ※主治医制ですが、勤務時間外のオンコールはほとんどありません（当直医師が対応します）,なし,,,,3ヶ月,あり,,,,,,,,,,,"週4日勤務　年収1,600万円～ 週5日勤務　年収1,900万円～ 固定残業代なし 試用期間　3ヶ月（同条件）",社会保険完備,週4日勤務　土日+他1日 週5日勤務　土日,,,,東京都,清瀬市,野塩1-328,,,,,180,"健康保険,厚生年金,雇用保険,労災保険",,,,,1,,,[1] ジョブメドレーの応募フォームよりご応募ください ↓ [2] 採用担当より面接日程の調整などの連絡をさせていただきます ↓ [3] 面接実施 ↓ [4] 採用決定のご連絡 ↓ [5] 入職手続きを進めてください ※応募から内定までは平均1週間～1ヶ月ほどになります。 ※在職中で今すぐ転職が難しい方も調整のご相談が可能です。,,,,山本病院,東京都清瀬市野塩1-328,,,,"✅アピールポイント
一般内科,一般外科,整形外科,皮膚科,泌尿器科,一般病院,在宅医療,社会保険完備,年収1,400万円以上可能,当直なし,駅近(5分以内)",,,,,,,,,,,,,0,0,0,,0,,,0,,0,,0,0,,0,,0,0,0,0,,,,,0,0,1,0,,0,,,0,
,,https://job-medley.com/dr/1363692/,,,,,,,,,【年収1800万円～♪浅草橋から徒歩30秒！！】残業ほぼなし◎ライフワークバランス充実♪,,可,医師,,,,,,保険診療を中心とした診療業務 （湿疹・アトピー性皮膚炎・ニキビ・感染症など）,,,,,,,医師国家資格 皮膚科専門医資格,,,,,,,医師国家資格 皮膚科専門医資格,,,,,,,正社員,,,,,,【勤務時間】 月～金曜日：9:30～18:00（休憩60分～） 土曜日：9:30～13:00（休憩なし）,【勤務時間】 月～金曜日：9:30～18:00（休憩60分～） 土曜日：9:30～13:00（休憩なし）,,【年収】　1800万円～ ※その他ご経験を加味したうえで、給与を決定させていただきます ・残業代は別途支給 ・交通費全額支給,,,,,【勤務時間】 月～金曜日：9:30～18:00（休憩60分～） 土曜日：9:30～13:00（休憩なし）,なし,,,,,,,,,,,,,,,,【年収】　1800万円～ ※その他ご経験を加味したうえで、給与を決定させていただきます ・残業代は別途支給 ・交通費全額支給,雇用保険、労災保険、健康保険、厚生年金 定年制一律60歳 再雇用あり65歳まで 受動喫煙対策 あり（屋内禁煙） 同法人内の美容皮膚科にて社員割引あり,・年間休日120日間 ・休診日：水曜日午後、土曜日午後、日曜日、祝日,120,,,東京都,台東区,浅草橋1-30-9,ヒューリック浅草橋江戸通5階,,,,,"健康保険,厚生年金,雇用保険,労災保険",,,,,1,,,[1] ジョブメドレーの応募フォームよりご応募ください ↓ [2] 採用担当より面接日程の調整などの連絡をさせていただきます ↓ [3] 面接実施 ↓ [4] 採用決定のご連絡 ↓ [5] 入職手続きを進めてください ※応募から内定までは平均1週間～1ヶ月ほどになります。 ※在職中で今すぐ転職が難しい方も調整のご相談が可能です。,,,,浅草橋駅前総合クリニック,東京都台東区浅草橋1-30-9 ヒューリック浅草橋江戸通5階,,,,"✅アピールポイント
外来診療,皮膚科,診療所・クリニック,社会保険完備,交通費支給,年収1,400万円以上可能,社割あり,年間休日120日以上,ブランク可,年齢不問,専門医取得者歓迎,正職員登用あり,40代活躍,50代活躍,WEB面接可,主夫・主婦OK,駅近(5分以内)",,,,,,,,,,,,,0,0,0,,0,,,1,,0,,0,0,,0,,1,0,0,1,,,,,0,0,1,0,,0,,,1,
,,https://job-medley.com/dr/1163316/,,,,,,,,,将来的な法人幹部医師を募集,,可,医師,,,,,,外来：保険診療、美容診療 専門医:あれば尚可 オンコール：なし,,,,,,,後期研修終了後、３年経過,,,,,,,後期研修終了後、３年経過,,,,,,,正社員,,,,,,１０：００－１９：００（実働８時間） 休憩６０分,１０：００－１９：００（実働８時間） 休憩６０分,,試用期間：３か月 （金額条件変更なし） 交通費：２．５万まで。 雇用保険、社会保険、労災、厚生年金あり 賞与：なし 退職金：なし,月給,1250000,1600000,,１０：００－１９：００（実働８時間） 休憩６０分,なし,,,,３ヶ月,あり,,,,,,,,,,,試用期間：３か月 （金額条件変更なし） 交通費：２．５万まで。 雇用保険、社会保険、労災、厚生年金あり 賞与：なし 退職金：なし,,年末年始：１２月３０－１月３日,,,,東京都,足立区,千住3-98,千住ミルディス2番館 3階,,,,20,"健康保険,厚生年金,雇用保険,労災保険",,,,,1,,,[1] ジョブメドレーの応募フォームよりご応募ください ↓ [2] 採用担当より面接日程の調整などの連絡をさせていただきます ↓ [3] 面接実施 ↓ [4] 採用決定のご連絡 ↓ [5] 入職手続きを進めてください ※応募から内定までは平均1週間～1ヶ月ほどになります。 ※在職中で今すぐ転職が難しい方も調整のご相談が可能です。,,,,ミルディス皮フ科,東京都足立区千住3-98 千住ミルディス2番館 3階,,,,"✅アピールポイント
外来診療,皮膚科,社会保険完備,交通費支給,年収1,400万円以上可能,オンコールなし・免除可,当直なし,年間休日120日以上,年齢不問,専門医取得者歓迎,40代活躍,50代活躍",,,,,,,,,,,,,0,0,0,,0,,,1,,0,,0,0,,0,,0,0,0,0,,,,,0,0,1,0,,0,,,0,
,,https://job-medley.com/dr/594261/,,,,,,,,,【好待遇！！】訪問診療未経験の医師大歓迎！　独立希望の方、開業支援もあります,,可,訪問診療医師(医師),,,,,,［訪問先］ 個人宅：施設＝8：2 ［訪問件数］1日 8～14件 ［訪問体制］医師、看護師、専門相談員の３名 ［オンコール］土日含む週1～2程度　社用車貸出可能 ［コール頻度］1st対応：自院看護師　Drへは0～2件程度 ［出動頻度］ 0～2件程度,,,,,,,医師免許,,,,,,,医師免許,,,,,,,正社員,,,,,,日勤　9：00～18：00（休憩60分） 夜間オンコール　18：00～翌朝9：00　（自宅待機）,日勤　9：00～18：00（休憩60分） 夜間オンコール　18：00～翌朝9：00　（自宅待機）,,ご興味のある先生、まずはお問い合わせください。 【年収例】 ●週5・オンコール週2 … 2100万円～ ●週5・オンコール週1 … 2000万円 ●週4・オンコール週2 … 1600万円～ ●週4・オンコール週1 … 1500万円 　,月給,1160000,1750000,,日勤　9：00～18：00（休憩60分） 夜間オンコール　18：00～翌朝9：00　（自宅待機）,なし,,,,,,,,,,,,,,,,ご興味のある先生、まずはお問い合わせください。 【年収例】 ●週5・オンコール週2 … 2100万円～ ●週5・オンコール週1 … 2000万円 ●週4・オンコール週2 … 1600万円～ ●週4・オンコール週1 … 1500万円 　,緊急往診手当は別途支給！　 業績や勤務実績による特別賞与別途あり！　 福利厚生制度あり　学会費補助あり　学会参費補助あり　医師賠償責任保険　退職金制度あり,夏季休暇　4日、　年末年始12/30～1/3,,,,東京都,杉並区,高井戸東2-25-7,青柳ビル2F,,,,27,"健康保険,厚生年金,雇用保険,労災保険",,,,,1,,,[1] ジョブメドレーの応募フォームよりご応募ください ↓ [2] 採用担当より面接日程の調整などの連絡をさせていただきます ↓ [3] 面接実施 ↓ [4] 採用決定のご連絡 ↓ [5] 入職手続きを進めてください ※応募から内定までは平均1週間～1ヶ月ほどになります。 ※在職中で今すぐ転職が難しい方も調整のご相談が可能です。,,,,医療法人社団敬正会　あんクリニック訪問診療,東京都杉並区高井戸東2-25-7 青柳ビル2F,,,,"✅アピールポイント
終末期医療・ターミナルケア,在宅医療,診療所・クリニック,社会保険完備,交通費支給,年収1,400万円以上可能,引越し手当,4週8休以上,未経験可,ブランク可,専門不問,専門医取得者歓迎,即日勤務OK,40代活躍,駅近(5分以内),車通勤可",,,,,,,,,,,,,1,0,0,,0,,,1,,1,,0,1,,0,,0,0,0,1,,,,,0,0,1,0,,0,,,0,
,,https://job-medley.com/dr/1279937/,,,,,,,,,院長未経験でも対応可能！あなたの経験を活かしませんか？,,可,院長(医師),,,,,,院長職、管理医師 精神科・心療内科クリニックで診察 オンライン診療 ・仕事内容の変更：なし ・転勤：なし,,,,,,,・ブランク、主婦、主夫可能 ・院長職未経験でも対応可能 ・医師免許必須 ・心療内科、精神科での勤務経験あり。専門医取得者大歓迎 ・スタッフと相談、コミュニケーションを取りながら業務を遂行できる方,,,,,,,・ブランク、主婦、主夫可能 ・院長職未経験でも対応可能 ・医師免許必須 ・心療内科、精神科での勤務経験あり。専門医取得者大歓迎 ・スタッフと相談、コミュニケーションを取りながら業務を遂行できる方,,,,,,,正社員,,,,,,勤務時間：9：00～18：00 休憩1時間 ・月の残業時間：残業ほぼなし,勤務時間：9：00～18：00 休憩1時間 ・月の残業時間：残業ほぼなし,,【給与内訳】 ・年俸制：1560万円～経験考慮 ・給与の備考：通勤手当全額支給 ・昇給：昇給あり 実績：年1回 ・賞与：賞与なし（今後クリニック業績により開始予定）,月給,1300000,,,勤務時間：9：00～18：00 休憩1時間 ・月の残業時間：残業ほぼなし,なし,,,,,,,,,,,,,,,,【給与内訳】 ・年俸制：1560万円～経験考慮 ・給与の備考：通勤手当全額支給 ・昇給：昇給あり 実績：年1回 ・賞与：賞与なし（今後クリニック業績により開始予定）,【社会保険】 ・労災保険 ・車通勤：車通勤不可,日数固定(週単位)：週7日 ・年間休日数：120日間,120,,,東京都,荒川区,東日暮里3-41-7,,,,,6,"健康保険,厚生年金,雇用保険,労災保険",,,,,1,,,[1] ジョブメドレーの応募フォームよりご応募ください ↓ [2] 採用担当より面接日程の調整などの連絡をさせていただきます ↓ [3] 面接実施 ↓ [4] 採用決定のご連絡 ↓ [5] 入職手続きを進めてください ※応募から内定までは平均1週間～1ヶ月ほどになります。 ※在職中で今すぐ転職が難しい方も調整のご相談が可能です。,,,,ＬＴハートクリニック,東京都荒川区東日暮里3-41-7,,,,"✅アピールポイント
外来診療,精神科・心療内科,診療所・クリニック,交通費支給,年収1,400万円以上可能,残業ほぼなし,土日祝休み,年間休日120日以上,ブランク可,専門医取得者歓迎,主夫・主婦OK,駅近(5分以内)",,,,,,,,,,,,,0,0,0,,1,,,1,,0,,0,0,,0,,1,0,0,1,,,,,0,0,1,0,,0,,,0,
,,https://job-medley.com/dr/1161352/,,,,,,,,,経験不問◆オンコール・当直なし◎小児科の経験をしっかり積みたい先生をお待ちしています！,,可,"医師
ジョブメドレー限定求人他の求人サイトには公開されていない特別な求人です",,,,,,外来、健診、予防接種 院長業務、小児一般診察、乳児健診、予防接種 平均来院数　30～40人（繁忙期は80人ほど）・1診体制 ※当直・オンコールなし,,,,,,,小児科医師,,,,,,,小児科医師,,,,,,,正社員,,,,,,月火木金 9：00～18：30 ※休憩180分 ※乳児検診がある場合は休憩120分 残業ほぼなし 勤務時間について相談可 オンコール・当直なし,月火木金 9：00～18：30 ※休憩180分 ※乳児検診がある場合は休憩120分 残業ほぼなし 勤務時間について相談可 オンコール・当直なし,,"年俸制　12,000,000円 給与は経験・スキル・勤務内容により決定 ※固定残業代なし ※試用期間なし",,,,,月火木金 9：00～18：30 ※休憩180分 ※乳児検診がある場合は休憩120分 残業ほぼなし 勤務時間について相談可 オンコール・当直なし,なし,,,,,なし,,,,,,,,,,,"年俸制　12,000,000円 給与は経験・スキル・勤務内容により決定 ※固定残業代なし ※試用期間なし",雇用保険、労災保険、健康保険、厚生年金 受動喫煙対策あり（禁煙）,週休3日,,,,東京都,世田谷区,桜丘3-10-22,メディカルヴィレッジ桜丘2F,,,,,"健康保険,厚生年金,雇用保険,労災保険",,,,,1,,,[1] ジョブメドレーの応募フォームよりご応募ください ↓ [2] 採用担当より面接日程の調整などの連絡をさせていただきます ↓ [3] 面接実施 ↓ [4] 採用決定のご連絡 ↓ [5] 入職手続きを進めてください ※応募から内定までは平均1週間～1ヶ月ほどになります。 ※在職中で今すぐ転職が難しい方も調整のご相談が可能です。,,,,さくらが丘小児科クリニック,東京都世田谷区桜丘3-10-22 メディカルヴィレッジ桜丘2F,,,,"✅アピールポイント
健診・検診・人間ドック,外来診療,小児科,診療所・クリニック,社会保険完備,退職金あり,残業ほぼなし,オンコールなし・免除可,当直なし,4週8休以上,年齢不問,車通勤可",,,,,,,,,,,,,0,0,0,,0,,,0,,1,,0,0,,0,,0,0,0,0,,,,,0,0,1,0,,0,,,0,
,,https://job-medley.com/dr/1127466/,,,,,,,,,"週4日または週5日勤務！土日休み◎年俸1,600～2,000万円◇訪問診療を担当してくださる医師を募集中です",,可,医師,,,,,,一般内科の訪問診療 主な疾患：内科全般に付随する疾患 施設往診　10件程度/半日 個人宅往診　6件程度/半日 施設：個人宅＝4：6 電子カルテ（モバカル）使用,,,,,,,医師免許をお持ちで実務経験5年以上の方,,,,,,,医師免許をお持ちで実務経験5年以上の方,,,,,,,正社員,,,,,,週4または5日 9:00～18:00（休憩60分） 当直なし オンコールは週1回～でも可。免除も可能。 早番・遅番は原則なし 勤務時間外の出動あり,週4または5日 9:00～18:00（休憩60分） 当直なし オンコールは週1回～でも可。免除も可能。 早番・遅番は原則なし 勤務時間外の出動あり,,"年俸制 週4日　1,600～2,000万円 週5日　2,000～2,400万円 ※経験および労働契約内容により変動あり オンコール手当　10,000円/日（オンコール免除可） 勤務時間外の緊急出動手当　3,000円/回 固定残業代なし 試用期間なし 臨床経験5年以上必須",,,,,週4または5日 9:00～18:00（休憩60分） 当直なし オンコールは週1回～でも可。免除も可能。 早番・遅番は原則なし 勤務時間外の出動あり,なし,,,,,なし,,,,,,,,,,,"年俸制 週4日　1,600～2,000万円 週5日　2,000～2,400万円 ※経験および労働契約内容により変動あり オンコール手当　10,000円/日（オンコール免除可） 勤務時間外の緊急出動手当　3,000円/回 固定残業代なし 試用期間なし 臨床経験5年以上必須",雇用保険、労災保険、健康保険、厚生年金 車通勤可（高速代応相談）,土曜日、日曜日,,,,東京都,多摩市,落合6-15-25,メディカルハウス多摩1階,,,,,"健康保険,厚生年金,雇用保険,労災保険",,,,,1,,,[1] ジョブメドレーの応募フォームよりご応募ください ↓ [2] 採用担当より面接日程の調整などの連絡をさせていただきます ↓ [3] 面接実施（2～3回） ↓ [4] 採用決定のご連絡 ↓ [5] 入職手続きを進めてください ※応募から内定までは平均1週間～1ヶ月ほどになります。 ※在職中で今すぐ転職が難しい方も調整のご相談が可能です。,,,,吉沢クリニック,東京都多摩市落合6-15-25 メディカルハウス多摩1階,,,,"✅アピールポイント
一般内科,整形外科,皮膚科,在宅医療,診療所・クリニック,社会保険完備,年収1,400万円以上可能,オンコールなし・免除可,当直なし,自動車運転免許,車通勤可",,,,,,,,,,,,,0,0,0,,0,,,0,,1,,0,0,,0,,0,0,0,0,,,,,0,0,1,0,,0,,,0,
,,https://job-medley.com/dr/1178183/,,,,,,,,,地域の町医者として活躍！昇給・賞与ありで働きやすさ抜群♪車通勤可で通勤もラクラク！外来の管理医師を募集しています！,,可,管理医師(医師),,,,,,地域の町医者としての診療所となります。院長のサポートをしていただきながら、将来的には管理医師として活躍いただく予定です。 ・転勤の可能性：なし,,,,,,,医師免許 臨床経験は5年以上必須,,,,,,,医師免許 臨床経験は5年以上必須,,,,,,,正社員,,,,,,【日勤】 ・勤務時間: 9:00～18:00 (実働6時間) ・休憩時間: 12:00～15:00 (180分) ・月の残業時間：残業ほぼなし,【日勤】 ・勤務時間: 9:00～18:00 (実働6時間) ・休憩時間: 12:00～15:00 (180分) ・月の残業時間：残業ほぼなし,,"【給与内訳】 ・給与：年俸1,200万円～2,000万円 年俸制 週4日：1,200万円～ 週4.5日：1,368万円～ 週5.5日：1,632万円～2,000万円 【試用期間】 ・試用期間：3ヵ月 (期間中の条件変更なし) ・昇給：昇給あり 実績：年1回 ・賞与：賞与あり 実績：年2回",月給,1000000,1500000,,【日勤】 ・勤務時間: 9:00～18:00 (実働6時間) ・休憩時間: 12:00～15:00 (180分) ・月の残業時間：残業ほぼなし,なし,,,,3ヶ月,あり,,,,,,,,,,,"【給与内訳】 ・給与：年俸1,200万円～2,000万円 年俸制 週4日：1,200万円～ 週4.5日：1,368万円～ 週5.5日：1,632万円～2,000万円 【試用期間】 ・試用期間：3ヵ月 (期間中の条件変更なし) ・昇給：昇給あり 実績：年1回 ・賞与：賞与あり 実績：年2回",【社会保険】 ・健康保険、厚生年金保険、雇用保険、労災保険 ・その他の福利厚生：宿泊施設の利用費補助 ・車通勤：車通勤可、駐車場あり,（週5.5勤務）日曜・祝日・土曜午後 ・年間休日数：110日間,110,,,東京都,多摩市,落合6-15-25,メディカルハウス多摩1階,,,,,"健康保険,厚生年金,雇用保険,労災保険",,,,,1,,学歴不問,[1] ジョブメドレーの応募フォームよりご応募ください ↓ [2] 採用担当より面接日程の調整などの連絡をさせていただきます ↓ [3] 履歴書・職務経歴書の送付 ↓ [4] 面接実施 ↓ [5] 採用決定のご連絡 ↓ [6] 入職手続きを進めてください ※応募から内定までは平均1ヵ月～2ヵ月ほどになります。 ※在職中で今すぐ転職が難しい方も調整のご相談が可能です。,,,,吉沢クリニック,東京都多摩市落合6-15-25 メディカルハウス多摩1階,,,,"✅アピールポイント
外来診療,一般内科,整形外科,皮膚科,在宅医療,社会保険完備,ボーナス・賞与あり,交通費支給,年収1,400万円以上可能,引越し手当,残業ほぼなし,オンコールなし・免除可,自動車運転免許,学歴不問,即日勤務OK,車通勤可",,,,,,,,,,,,,0,1,0,,0,,,1,,1,,0,1,,0,,0,0,0,0,,,,,1,0,1,0,,0,,,0,
,,https://job-medley.com/dr/989143/,,,,,,,,,歴史ある医療型障害児入所施設で週4日、余裕をもって働きませんか？,,可,医師,,,,,,医療型障害児入所施設の入所者の健康管理,,,,,,,医師免許,,,,,,,医師免許,,,,,,,正社員,,,,,,原則　9：00～17：45（休憩45分）,原則　9：00～17：45（休憩45分）,,試用期間3カ月。 試用期間中の給与同じ。,月給,650000,800000,,原則　9：00～17：45（休憩45分）,なし,,,,3ヶ月,あり,,,,,,,,,,,試用期間3カ月。 試用期間中の給与同じ。,当直手当1勤務につき2万円,週休3日制,,,,東京都,東村山市,青葉町3-31-1,,,,,350,"健康保険,厚生年金,雇用保険,労災保険",,,,,1,,学歴不問,[1] ジョブメドレーの応募フォームよりご応募ください ↓ [2] 採用担当より面接日程の調整などの連絡をさせていただきます ↓ [3] 面接実施 ↓ [4] 採用決定のご連絡 ↓ [5] 入職手続きを進めてください ※応募から内定までは平均1週間～1ヶ月ほどになります。 ※在職中で今すぐ転職が難しい方も調整のご相談が可能です。,,,,秋津療育園,東京都東村山市青葉町3-31-1,,,,"✅アピールポイント
一般内科,消化器内科,循環器内科,呼吸器内科,腎臓内科,血液内科,神経内科,代謝・内分泌内科,一般外科,消化器外科,心臓血管外科,呼吸器外科,脳神経外科,整形外科,形成外科,精神科・心療内科,眼科,耳鼻咽喉科,皮膚科,泌尿器科,放射線科,リハビリテーション科,一般病院,小児科,産婦人科,リウマチ科,アレルギー科,慢性期・療養型病院,社会保険完備,ボーナス・賞与あり,交通費支給,退職金あり,住宅手当,年収1,400万円以上可能,残業ほぼなし,4週8休以上,年間休日120日以上,家庭都合休OK,ブランク可,年齢不問,専門不問,専門医取得者歓迎,学歴不問,即日勤務OK,40代活躍,50代活躍,60代活躍,車通勤可",,,,,,,,,,,,,0,1,0,,0,,,1,,1,,0,1,,0,,0,0,0,1,,,,,1,0,1,0,,0,,,0,
,,https://job-medley.com/dr/1086521/,,,,,,,,,業界トップクラスのオンライン診療の常勤医師を募集！,,可,医師,,,,,,オンライン診療サービス「DMMオンラインクリニック」を受診する患者様の診断業務 ［対応数］多い時間帯：8～10件/時間　少ない時間帯：2～3件/時間 ※対応1件につき3～5分程度の診療スピード ［内容］オンライン診療（AGA・ED・痩身・ピルなどの問診及び処方可否・緊急避妊薬の処方） ［受付終了時間］21:45 ［体制］医師1名　スタッフ2名 ［カルテ］電子カルテ,,,,,,,医師免許 基本的には問診や処方可否の判断を対応いただき、システム関連や処方内容の相談などは、原則スタッフで対応しますので自由診療初心者でもご安心ください,,,,,,,医師免許 基本的には問診や処方可否の判断を対応いただき、システム関連や処方内容の相談などは、原則スタッフで対応しますので自由診療初心者でもご安心ください,,,,,,,正社員,シフト制,,,,,週所定労働日数:1～4日 営業時間：8:00-22:00 ■シフト 終日：8:00-22:00（休憩60分）　早番：8:00-18:00（休憩60分）　遅番：18:00-22:00（休憩なし）,週所定労働日数:1～4日 営業時間：8:00-22:00 ■シフト 終日：8:00-22:00（休憩60分）　早番：8:00-18:00（休憩60分）　遅番：18:00-22:00（休憩なし）,,"給与例：1,700万円前後 ※週36時間勤務の場合 週30時間以上を目安としてシフトパターンを元に算出します 試用期間3ヶ月(条件変更なし)",月給,1300000,1600000,,週所定労働日数:1～4日 営業時間：8:00-22:00 ■シフト 終日：8:00-22:00（休憩60分）　早番：8:00-18:00（休憩60分）　遅番：18:00-22:00（休憩なし）,なし,,,,3ヶ月,あり,,,,,,,,,,,"給与例：1,700万円前後 ※週36時間勤務の場合 週30時間以上を目安としてシフトパターンを元に算出します 試用期間3ヶ月(条件変更なし)",健康保険・厚生年金・雇用保険・労災保険 賠償保険：あり（医師の個人賠償含む）,週休2日以上 シフト制 祝日も通常通り勤務あり,,,,東京都,港区港区,西新橋2-8-6,住友不動産日比谷ビル4階,,,,,"健康保険,厚生年金,雇用保険,労災保険",,,,,1,,学歴不問,[1] ジョブメドレーの応募フォームよりご応募ください ↓ [2] 採用担当より面接日程の調整などの連絡をさせていただきます ↓ [3] 面接実施 ↓ [4] 採用決定のご連絡 ↓ [5] 入職手続きを進めてください ※応募から内定までは平均1週間～1ヶ月ほどになります。 ※在職中で今すぐ転職が難しい方も調整のご相談が可能です。,,,,DMH新橋クリニック,東京都港区東京都港区西新橋2-8-6 住友不動産日比谷ビル4階,,,,"✅アピールポイント
一般内科,診療所・クリニック,社会保険完備,交通費支給,年収1,400万円以上可能,副業OK,社割あり,残業ほぼなし,オンコールなし・免除可,当直なし,残業月20時間以内,未経験可,新卒可,専門不問,学歴不問,正職員登用あり,ネイルOK,40代活躍,WEB面接可,駅近(5分以内)",,,,,,,,,,,,,1,1,0,,0,,,1,,0,,0,0,,0,,0,1,0,0,,,,,0,0,1,0,,0,,,1,
